Amount_mean,Amount_sum,Amount_count,avg_hour,avg_day_of_week,cluster
249.51609748406477,1996.1287798725182,8,13.890243902439025,3.158536585365854,0
205.8887477197223,2676.55372035639,13,11.67123287671233,3.287671232876712,0
252.11656539839612,1512.6993923903767,6,13.40625,3.1875,0
258.09181757475244,2322.826358172772,9,10.963855421686747,3.0481927710843375,0
312.7594779072613,2189.316345350829,7,11.785714285714286,2.9166666666666665,0
190.21721181835892,3043.4753890937427,16,12.927710843373495,3.1325301204819276,1
260.88156591563387,3130.578790987606,12,11.613333333333333,2.8933333333333335,1
241.08540375764449,2893.024845091734,12,11.8,2.6714285714285713,1
262.19443479730194,4195.110956756831,16,12.353658536585366,2.8902439024390243,1
198.1852549961404,3567.3345899305273,18,12.283950617283951,3.3703703703703702,1
135.2505300554293,1217.2547704988635,9,11.494117647058824,2.823529411764706,0
169.1351617137832,2029.6219405653983,12,11.875,3.025,0
293.0302039685903,3516.3624476230834,12,10.074626865671641,3.08955223880597,1
280.13445707466855,2241.0756565973484,8,11.137931034482758,3.0,0
266.2528608384145,3195.0343300609743,12,10.845070422535212,2.915492957746479,1
292.8231694122277,2635.4085247100493,9,11.688311688311689,3.012987012987013,0
203.39694911367258,2644.1603384777436,13,11.445945945945946,3.175675675675676,0
249.90719362296105,2499.0719362296104,10,11.128205128205128,3.2435897435897436,0
301.64069313800985,3318.0476245181085,11,12.15625,2.59375,1
279.2789473295407,2234.2315786363256,8,11.0,2.9342105263157894,0
354.02618555920316,1770.1309277960158,5,11.91025641025641,3.0641025641025643,0
244.36922712212726,1221.8461356106363,5,11.277777777777779,3.2222222222222223,0
287.0409900728072,2870.4099007280715,10,11.266666666666667,3.2133333333333334,1
268.82116382072405,2957.0328020279644,11,11.324324324324325,2.918918918918919,1
195.7239883167887,2740.1358364350417,14,11.535211267605634,2.8732394366197185,1
293.8352071594628,3232.187278754091,11,11.197368421052632,2.75,1
208.1153006800539,2497.383608160647,12,10.285714285714286,2.7857142857142856,0
269.53624987805057,4582.11624792686,17,11.645569620253164,3.0632911392405062,1
282.48413772836005,3389.809652740321,12,11.935064935064934,2.844155844155844,1
222.7394275646953,2004.6548480822576,9,12.025,2.675,0
314.18438730486776,2199.290711134074,7,10.424657534246576,2.9726027397260273,0
249.82562438504152,3247.73311700554,13,11.9,2.6375,1
256.9631330829747,2312.6681977467724,9,12.243243243243244,3.445945945945946,0
233.99235384023734,1403.954123041424,6,11.944444444444445,2.9305555555555554,0
259.0916193211187,3368.1910511745427,13,12.181818181818182,2.9740259740259742,1
217.29278110499178,1955.635029944926,9,12.049382716049383,3.271604938271605,0
271.4927170392168,2443.434453352951,9,10.932432432432432,2.9324324324324325,0
231.72021206372733,2317.2021206372733,10,11.0,3.3125,0
239.03589019012557,3346.502462661758,14,9.87012987012987,2.779220779220779,1
232.11853031540173,2785.422363784821,12,12.506849315068493,3.164383561643836,0
277.62794282796057,1665.7676569677635,6,11.214285714285714,2.7857142857142856,0
215.5995432592389,1940.3958893331503,9,11.471428571428572,3.142857142857143,0
274.8592679657617,3023.4519476233786,11,11.636363636363637,2.8333333333333335,1
300.09785081358973,1500.4892540679487,5,12.25,2.7625,0
292.44757124071856,4094.26599737006,14,10.635135135135135,3.3513513513513513,1
343.91987742943525,3095.2788968649174,9,10.930555555555555,3.125,1
204.1407505517626,1633.1260044141009,8,9.867647058823529,2.9558823529411766,0
221.8918061352014,2440.8098674872153,11,10.52,3.52,0
208.48291984229078,1459.3804388960355,7,11.35820895522388,2.9402985074626864,0
247.88936972193414,3470.451176107078,14,12.546666666666667,3.1466666666666665,1
229.1985354622763,1833.5882836982105,8,11.451219512195122,2.8780487804878048,0
187.75465040699765,1877.5465040699767,10,11.835443037974683,2.5822784810126582,0
249.01473641522256,3984.235782643561,16,10.846153846153847,2.948717948717949,1
134.58527664648108,2153.3644263436972,16,10.376470588235295,2.7176470588235295,0
204.4948216115766,1431.4637512810364,7,10.144736842105264,3.3289473684210527,0
261.4244555932316,2091.3956447458527,8,11.364864864864865,2.8378378378378377,0
280.69810298868015,3368.377235864162,12,11.53623188405797,2.8550724637681157,1
222.1463407335808,1555.0243851350656,7,10.727272727272727,2.878787878787879,0
275.57325411100436,3031.305795221048,11,11.690140845070422,2.4788732394366195,1
212.64617735586424,1701.169418846914,8,9.975,2.9625,0
301.56869613465017,3015.686961346502,10,10.016129032258064,2.838709677419355,1
231.37620591687696,2082.3858532518925,9,10.1625,3.3875,0
257.8488851808363,2320.639966627527,9,11.042857142857143,2.8285714285714287,0
322.1821135862488,3866.185363034986,12,11.828947368421053,3.1710526315789473,1
206.86385215272958,2896.093930138214,14,13.4,2.552941176470588,1
290.92735543314274,2909.2735543314275,10,11.386666666666667,2.8266666666666667,1
214.6440475319649,2575.7285703835787,12,11.0,3.25,0
260.40371851279656,2343.633466615169,9,10.4375,3.0,0
260.74359747467315,2868.1795722214047,11,12.455882352941176,3.176470588235294,1
309.8552854856695,3718.2634258280345,12,12.275,3.025,1
266.0580088047381,2926.638096852119,11,13.118421052631579,2.8289473684210527,1
201.28251812086782,1408.9776268460748,7,11.386666666666667,3.2666666666666666,0
140.2242667208692,841.3456003252152,6,11.661971830985916,2.8450704225352115,0
304.1410293228735,3345.551322551609,11,10.841269841269842,3.2698412698412698,1
279.32214344245506,2513.8992909820954,9,10.074626865671641,2.8955223880597014,0
245.29637842293153,1962.3710273834522,8,11.0,2.9740259740259742,0
235.53587754895642,2590.8946530385206,11,11.378378378378379,3.1621621621621623,0
259.06308651011625,2331.567778591046,9,11.084507042253522,3.056338028169014,0
179.57469728132514,2154.8963673759017,12,13.155844155844155,3.3506493506493507,0
204.52880636984875,2658.874482808034,13,10.876923076923077,3.123076923076923,0
295.3153660277184,2362.5229282217474,8,11.845070422535212,2.6901408450704225,0
303.22918849182565,2425.833507934605,8,10.68,3.0,0
268.97639392163967,1882.8347574514778,7,11.186666666666667,2.92,0
308.7250530317912,3395.9755833497034,11,10.355263157894736,2.9342105263157894,1
311.7187418258013,3428.9061600838145,11,11.657894736842104,2.5526315789473686,1
270.5839991141259,3247.0079893695106,12,12.314285714285715,3.557142857142857,1
174.2045072851131,2090.454087421357,12,10.445945945945946,3.054054054054054,0
162.5947637071573,2926.705746728832,18,12.347826086956522,3.463768115942029,1
249.25599283654637,2492.5599283654637,10,11.5,3.073529411764706,0
259.8848185178777,2858.733003696655,11,10.608695652173912,3.0144927536231885,1
241.8997024255833,4354.194643660499,18,11.418604651162791,3.186046511627907,1
243.5300854458537,1704.7105981209759,7,10.31578947368421,3.539473684210526,0
203.71674465973715,2444.6009359168456,12,10.619718309859154,3.140845070422535,0
225.399394869682,3606.390317914912,16,9.907894736842104,2.960526315789474,1
218.53560207345808,1311.2136124407484,6,12.542857142857143,3.142857142857143,0
248.78235948619937,2487.8235948619936,10,10.205882352941176,2.6911764705882355,0
294.70831664264506,2062.9582164985154,7,10.988235294117647,3.3294117647058825,0
283.3208215235812,2833.2082152358116,10,10.256410256410257,2.9615384615384617,1
257.31427262710196,2315.828453643918,9,11.357142857142858,2.8,0
239.43426387089954,3591.513958063493,15,9.5,3.1184210526315788,1
203.8197670418012,3057.296505627018,15,11.592105263157896,3.013157894736842,1
248.6880503977459,2984.256604772951,12,12.27027027027027,2.7432432432432434,1
295.40058961514603,2954.0058961514605,10,12.714285714285714,2.987012987012987,1
178.5432515629229,1606.8892640663062,9,11.567567567567568,3.0135135135135136,0
276.57264327262203,2489.153789453598,9,10.5375,2.875,0
267.727342305782,2945.0007653636017,11,11.211764705882352,2.6588235294117646,1
192.47465299601055,2117.221182956116,11,12.453333333333333,2.68,0
242.9762241561642,1943.8097932493135,8,11.842105263157896,2.3289473684210527,0
251.83499056015683,2770.184896161725,11,12.50632911392405,3.151898734177215,0
211.95259722318252,2119.525972231825,10,9.77027027027027,2.945945945945946,0
249.48321807466743,3243.2818349706768,13,12.346153846153847,2.9615384615384617,1
236.63619412821419,1893.0895530257135,8,12.6,2.8533333333333335,0
246.70093435321388,3947.214949651422,16,10.670731707317072,2.817073170731707,1
208.9860969747194,2507.8331636966327,12,11.675,3.025,0
282.6132434125145,2543.519190712631,9,11.902777777777779,2.8194444444444446,0
265.65877648987293,2656.5877648987293,10,11.875,2.6375,0
291.48385556991457,2623.3547001292313,9,11.949367088607595,3.3417721518987342,0
251.66167898681798,2516.6167898681797,10,11.513157894736842,3.1315789473684212,0
156.08796415133577,2341.3194622700366,15,11.506172839506172,3.1358024691358026,0
249.58346610670307,2246.2511949603277,9,9.728395061728396,2.876543209876543,0
296.5756944547867,3262.3326390026537,11,12.67123287671233,2.9726027397260273,1
234.4333276727343,1875.4666213818743,8,10.923076923076923,3.2435897435897436,0
229.99752304806555,2989.967799624852,13,11.534246575342467,3.2054794520547945,1
241.07812370475722,1446.4687422285433,6,11.547945205479452,3.095890410958904,0
289.04117865816426,2601.3706079234785,9,12.06578947368421,2.526315789473684,0
285.01070503175504,3990.1498704445703,14,10.683544303797468,3.0253164556962027,1
187.32004769145,2435.1606199888497,13,11.202702702702704,2.4324324324324325,0
227.47670092428203,3867.1039157127943,17,12.414285714285715,2.657142857142857,1
140.7579311156923,1266.8213800412307,9,9.985074626865671,2.8358208955223883,0
227.25133659507105,3181.5187123309947,14,11.972222222222221,2.861111111111111,1
271.4757859045052,1900.3305013315364,7,12.73611111111111,2.8472222222222223,0
261.6952131508701,2616.952131508701,10,11.292682926829269,3.0853658536585367,0
254.3142021746833,2288.8278195721496,9,10.617647058823529,3.2058823529411766,0
201.4621676353244,2216.0838439885683,11,11.155844155844155,3.116883116883117,0
219.04428566797688,2409.4871423477457,11,11.32876712328767,3.6301369863013697,0
243.8771932189939,3414.280705065915,14,12.824324324324325,2.9864864864864864,1
192.33732628303434,3077.3972205285495,16,11.454545454545455,3.1948051948051948,1
202.82359898244087,2433.8831877892903,12,12.91304347826087,2.9130434782608696,0
209.09599933431818,2090.959993343182,10,12.064935064935066,2.675324675324675,0
309.95972901038004,3099.5972901038003,10,11.233766233766234,3.038961038961039,1
237.40341146679597,2374.03411466796,10,12.422535211267606,3.380281690140845,0
194.15421478502924,1941.5421478502924,10,10.424657534246576,2.9178082191780823,0
185.82911210172108,1486.6328968137686,8,12.04,2.986666666666667,0
178.28779256821076,1782.8779256821076,10,9.9625,2.9125,0
210.86768025234676,1686.941442018774,8,11.32876712328767,3.136986301369863,0
185.247442159075,2037.721863749825,11,11.471428571428572,3.1285714285714286,0
192.58748789351256,2503.6373426156633,13,10.306666666666667,3.3333333333333335,0
266.8755037772916,3469.3815491047912,13,10.753424657534246,2.643835616438356,1
243.83247176308961,2194.4922458678066,9,11.416666666666666,2.8194444444444446,0
281.90070824703736,3946.609915458523,14,11.681159420289855,2.8260869565217392,1
299.85686173563806,1799.1411704138284,6,11.8,3.3714285714285714,0
176.4837966754119,1235.3865767278833,7,11.93939393939394,2.712121212121212,0
364.40999160841113,2915.279932867289,8,11.557377049180328,2.80327868852459,1
305.22336474508813,3967.903741686146,13,10.717948717948717,3.0384615384615383,1
286.3755658583454,2863.755658583454,10,12.0625,2.975,1
173.76649907081213,1737.6649907081212,10,10.304347826086957,3.072463768115942,0
174.2343856104088,1219.6406992728616,7,10.013157894736842,2.9210526315789473,0
313.1428191060595,3444.5710101666546,11,10.2,3.1285714285714286,1
262.6189011623026,2100.951209298421,8,9.289855072463768,2.753623188405797,0
306.66540852762154,2453.3232682209723,8,12.43939393939394,3.3484848484848486,0
239.3135339367688,3350.389475114763,14,10.417910447761194,2.925373134328358,1
292.5954103852237,3511.1449246226844,12,11.675324675324676,2.935064935064935,1
252.1439850887342,3025.7278210648105,12,11.573333333333334,3.013333333333333,1
292.4142061263058,1462.071030631529,5,11.924050632911392,3.0759493670886076,0
191.33455137352024,2678.6837192292833,14,12.24,3.453333333333333,0
221.90098790173928,2662.8118548208713,12,12.23943661971831,3.1690140845070425,0
185.37884883928078,1483.0307907142462,8,12.4125,2.7875,0
247.2342403628097,2225.108163265287,9,12.553846153846154,3.1846153846153844,0
150.00495738463653,1200.0396590770922,8,10.911764705882353,3.25,0
262.1784368928706,3932.676553393059,15,11.093023255813954,3.0232558139534884,1
242.08111132538565,2420.8111132538565,10,10.714285714285714,3.155844155844156,0
193.16315538932986,2704.284175450618,14,11.375,2.909090909090909,1
236.1432068008281,2597.575274809109,11,10.641975308641975,3.111111111111111,0
276.43374216699135,2211.469937335931,8,13.085714285714285,2.757142857142857,0
328.92650194062486,3289.2650194062485,10,10.394366197183098,3.2816901408450705,1
289.5210265268856,3474.2523183226267,12,10.191780821917808,2.8904109589041096,1
274.70911231654344,2472.382010848891,9,9.86111111111111,2.8472222222222223,0
223.4829038820096,4022.6922698761728,18,11.619718309859154,2.971830985915493,1
308.44226324056604,4009.7494221273582,13,12.094117647058823,2.9529411764705884,1
255.58838932938013,3578.237450611322,14,10.656716417910447,3.1940298507462686,1
261.7894041791566,3403.2622543290354,13,12.647058823529411,2.847058823529412,1
266.78021339932627,2667.802133993263,10,11.573333333333334,3.1066666666666665,0
288.72059829633105,4330.808974444965,15,10.835443037974683,3.1645569620253164,1
277.31385914614816,3605.0801688999263,13,11.73972602739726,2.73972602739726,1
229.88205628352034,2068.938506551683,9,11.166666666666666,2.9,0
231.17246209968206,2774.0695451961847,12,11.051282051282051,2.9358974358974357,1
211.71994561894016,2328.9194018083417,11,11.555555555555555,2.388888888888889,0
208.60707247554268,1668.8565798043414,8,10.457142857142857,3.1857142857142855,0
249.38856374126698,3491.4398923777376,14,11.384615384615385,3.2564102564102564,1
248.39084556808248,1738.7359189765773,7,12.698630136986301,2.8219178082191783,0
299.1921399980789,2991.921399980789,10,12.89041095890411,2.6986301369863015,1
238.43783754695076,2145.940537922557,9,12.025641025641026,3.1025641025641026,0
255.6724991237611,2812.397490361372,11,10.791666666666666,2.9583333333333335,1
228.51218461976134,2970.6584000568973,13,9.88,3.3733333333333335,1
253.50357743921785,2788.5393518313963,11,12.231707317073171,3.1219512195121952,0
360.99504027925536,3248.955362513298,9,11.925925925925926,2.8395061728395063,1
329.6207637291009,3296.2076372910087,10,11.666666666666666,2.8055555555555554,1
293.02885119629303,3516.346214355516,12,11.80281690140845,3.084507042253521,1
280.1619631669794,1680.9717790018763,6,10.909090909090908,2.844155844155844,0
272.08576240391557,2176.6860992313245,8,12.513513513513514,2.9864864864864864,0
269.86378000114985,2698.6378000114987,10,12.76923076923077,3.0384615384615383,0
208.797639038558,1461.583473269906,7,11.266666666666667,3.2666666666666666,0
237.28453382368684,1898.2762705894947,8,12.070422535211268,2.859154929577465,0
297.8526323514181,2978.526323514181,10,11.53968253968254,2.7936507936507935,1
380.1995145617109,3801.995145617109,10,12.583333333333334,3.2222222222222223,1
234.791324550672,3052.2872191587358,13,11.315068493150685,2.7945205479452055,1
300.29797253717413,3903.8736429832634,13,11.732394366197184,3.0985915492957745,1
239.23481086506087,1674.643676055426,7,11.041666666666666,2.5277777777777777,0
292.8861333104335,2635.975199793901,9,11.95774647887324,2.943661971830986,0
265.0201338523741,3445.261740080863,13,11.434782608695652,2.782608695652174,1
345.40152545232513,3454.0152545232513,10,11.057971014492754,3.217391304347826,1
218.45380040766773,3276.807006115016,15,12.157894736842104,3.263157894736842,1
181.14640237900613,1992.6104261690675,11,11.84,3.04,0
279.1500171736983,4466.400274779173,16,10.358024691358025,3.0987654320987654,1
252.29258460499204,4036.6813536798727,16,9.194805194805195,2.779220779220779,1
300.98366921681844,4213.7713690354585,14,10.693333333333333,2.8533333333333335,1
200.96131316955785,1808.6518185260206,9,11.85135135135135,2.7972972972972974,0
269.15083896315133,1884.0558727420594,7,12.720588235294118,3.264705882352941,0
295.16358540852536,4427.453781127881,15,11.893333333333333,2.7066666666666666,1
211.9646274840224,3603.398667228381,17,12.0,3.1125,1
245.3499127798258,3680.2486916973867,15,11.210526315789474,3.1447368421052633,1
280.5778369167276,3086.3562060840036,11,10.985915492957746,3.056338028169014,1
178.30876555792779,1961.3964211372056,11,11.152941176470588,2.6588235294117646,0
315.2045808336747,4728.068712505121,15,11.4375,2.5875,1
194.843993137645,2143.283924514095,11,12.060240963855422,2.9879518072289155,0
438.94821719815354,2194.7410859907677,5,11.053333333333333,3.2266666666666666,0
225.64244768934088,2030.7820292040678,9,9.726027397260275,2.863013698630137,0
220.26910415085322,1982.421937357679,9,11.777777777777779,2.861111111111111,0
214.20663104595025,1927.8596794135522,9,10.657142857142857,3.1142857142857143,0
296.66207718140487,1186.6483087256195,4,10.183098591549296,2.9014084507042255,0
231.45215453646273,2314.5215453646274,10,10.287671232876713,2.9863013698630136,0
178.02180520240984,1602.1962468216884,9,10.853333333333333,3.0,0
272.96091140369055,2456.648202633215,9,11.533333333333333,3.2533333333333334,0
237.07824639794097,1896.6259711835278,8,11.790123456790123,2.9753086419753085,0
221.02069937583045,1547.1448956308132,7,12.928571428571429,3.142857142857143,0
246.63430836164275,3452.8803170629985,14,12.146666666666667,2.973333333333333,1
265.4059787830368,2654.059787830368,10,10.618421052631579,2.8684210526315788,0
240.84640149190682,2167.6176134271614,9,12.582089552238806,3.074626865671642,0
239.25029533345943,4306.50531600227,18,10.670886075949367,2.962025316455696,1
300.4005854050761,1802.4035124304564,6,11.656716417910447,3.1492537313432836,0
254.51106398065932,1527.066383883956,6,11.484375,3.046875,0
333.57838389955253,3002.205455095973,9,13.080645161290322,2.935483870967742,1
345.7719875244684,3803.4918627691522,11,11.694444444444445,3.1527777777777777,1
157.30005034240398,1101.100352396828,7,11.921052631578947,2.9342105263157894,0
331.0003346912673,2979.0030122214057,9,10.92,3.013333333333333,1
297.82321098263134,2978.2321098263133,10,12.405797101449275,2.971014492753623,1
278.828044303062,2509.452398727558,9,12.468354430379748,2.9240506329113924,0
328.6789260295099,2300.7524822065693,7,10.81578947368421,2.8947368421052633,0
223.0420107056537,2007.3780963508832,9,11.1875,3.171875,0
387.25316722968,3485.27850506712,9,12.0125,2.575,1
235.19565345356486,2822.347841442778,12,12.371428571428572,3.0,1
190.77168502792622,2289.260220335115,12,12.042857142857143,2.942857142857143,0
325.2543085777978,3252.5430857779784,10,12.507246376811594,3.101449275362319,1
220.2458484717188,4184.671120962657,19,11.476190476190476,3.0714285714285716,1
316.50553882481285,1899.0332329488772,6,10.902777777777779,3.0277777777777777,0
326.96256980546957,2942.6631282492262,9,10.945945945945946,2.864864864864865,1
240.46653898166477,3126.065006761642,13,11.166666666666666,3.2142857142857144,1
282.5902614539838,1978.131830177887,7,11.621621621621621,3.0135135135135136,0
297.6348209623095,3571.617851547714,12,11.567164179104477,3.1940298507462686,1
290.26555224698865,4934.514388198807,17,11.397058823529411,2.823529411764706,1
285.1834246798359,3992.5679455177033,14,10.987341772151899,2.8987341772151898,1
198.6111410660357,1588.8891285282857,8,11.297297297297296,2.9324324324324325,0
260.0743863101971,3380.967022032562,13,10.72972972972973,3.0405405405405403,1
210.12925741652518,3151.938861247878,15,10.780821917808218,3.095890410958904,1
182.47021552044782,2919.523448327165,16,10.578125,2.5625,1
272.78844985764454,4637.403647579957,17,10.8625,3.1125,1
323.55364323526277,2588.429145882102,8,10.876712328767123,2.863013698630137,0
236.64241690765328,2366.424169076533,10,11.588235294117647,3.161764705882353,0
257.59047926835603,3606.2667097569847,14,11.208333333333334,2.875,1
246.02150674389986,3690.322601158498,15,11.746835443037975,3.2151898734177213,1
256.0082397833329,3584.1153569666603,14,10.916666666666666,2.8452380952380953,1
313.70741456208674,2823.3667310587807,9,12.126760563380282,3.1690140845070425,1
285.9796866831802,2859.796866831802,10,11.013333333333334,3.066666666666667,1
298.8848054415237,2988.848054415237,10,10.682926829268293,2.7804878048780486,1
233.4407512714423,1867.5260101715385,8,11.75,2.975,0
232.56675094452874,2093.1007585007587,9,12.608108108108109,3.054054054054054,0
250.90303744243135,4767.157711406196,19,9.545454545454545,3.1948051948051948,1
308.23664902167104,3082.36649021671,10,11.464788732394366,3.211267605633803,1
246.487576381835,1725.413034672845,7,11.232876712328768,2.4383561643835616,0
221.23174900950073,1327.3904940570044,6,11.246376811594203,3.2318840579710146,0
238.50005884962033,2385.0005884962034,10,10.588235294117647,2.7058823529411766,0
196.67245128717508,1573.3796102974006,8,11.67142857142857,2.6857142857142855,0
220.78530725015784,2870.208994252052,13,10.950617283950617,3.037037037037037,1
305.5313827318226,1833.1882963909356,6,10.95774647887324,3.2253521126760565,0
146.22511051123075,731.1255525561537,5,10.828947368421053,2.8947368421052633,0
323.0897996852901,5815.616394335221,18,10.506493506493506,3.1948051948051948,1
307.2946064156534,1843.7676384939205,6,11.472222222222221,3.013888888888889,0
322.01484268333843,2898.133584150046,9,12.28169014084507,3.140845070422535,1
333.4260546446592,3667.6866010912513,11,11.878787878787879,2.8333333333333335,1
296.858688034876,2374.869504279008,8,12.095238095238095,2.7936507936507935,0
286.1728476403994,2575.555628763595,9,12.298507462686567,2.985074626865672,0
187.2499561526506,936.249780763253,5,11.538461538461538,2.769230769230769,0
190.22651747832631,1712.0386573049368,9,12.08974358974359,2.948717948717949,0
191.1770726291831,1338.2395084042817,7,12.305555555555555,3.388888888888889,0
271.0020505923696,4336.032809477913,16,13.039473684210526,2.9078947368421053,1
232.7767822508142,1629.4374757556993,7,13.063492063492063,3.142857142857143,0
241.94861997655875,2177.5375797890288,9,10.904109589041095,2.73972602739726,0
140.7909266714501,1830.2820467288516,13,11.217948717948717,3.051282051282051,0
205.0834490332724,2666.084837432541,13,11.450704225352112,2.9014084507042255,0
245.58518551132624,1964.68148409061,8,11.72972972972973,3.027027027027027,0
215.38179521752897,1938.4361569577607,9,12.844155844155845,2.9220779220779223,0
230.59109345734416,4150.639682232195,18,11.878048780487806,2.8780487804878048,1
284.6014878809986,1992.21041516699,7,10.571428571428571,2.9740259740259742,0
225.92583411620103,1807.4066729296082,8,11.58974358974359,2.641025641025641,0
149.134138904121,1342.207250137089,9,10.444444444444445,2.5555555555555554,0
318.32441507175,3183.2441507175004,10,11.766233766233766,2.8701298701298703,1
300.94502983641684,3912.285387873419,13,11.975,3.1875,1
222.6011077701797,4229.421047633415,19,11.8625,3.1375,1
296.2220340044242,4147.108476061939,14,10.565217391304348,2.4927536231884058,1
273.25996265671137,2459.339663910402,9,11.962025316455696,2.759493670886076,0
226.3097334022561,2263.097334022561,10,10.376623376623376,2.909090909090909,0
283.7439683881188,2553.695715493069,9,11.413333333333334,2.973333333333333,0
286.4573350557894,4010.402690781051,14,12.52,3.066666666666667,1
309.5136415585288,3095.1364155852875,10,11.385714285714286,2.642857142857143,1
197.45240474281394,2566.881261656581,13,12.89873417721519,2.8987341772151898,0
220.30034203887863,2423.303762427665,11,11.878378378378379,2.9864864864864864,0
311.8750483631382,4366.2506770839345,14,11.792207792207792,3.103896103896104,1
285.2069793162238,1711.2418758973427,6,12.289855072463768,3.347826086956522,0
243.75866607761645,3412.6213250866303,14,11.253521126760564,3.0704225352112675,1
227.9203765313579,2735.044518376295,12,10.45679012345679,3.0617283950617282,0
279.7720150024847,3077.492165027332,11,11.16,2.76,1
265.5345991260954,2655.3459912609537,10,12.0,3.2804878048780486,0
252.01778321319753,3528.2489649847653,14,10.078947368421053,2.5526315789473686,1
188.70826604613484,1509.6661283690787,8,12.615384615384615,2.9358974358974357,0
301.64351887055807,2111.5046320939064,7,12.867647058823529,2.8970588235294117,0
230.5766580911456,2305.766580911456,10,12.104477611940299,3.2388059701492535,0
202.94123291469387,4058.8246582938773,20,11.142857142857142,2.831168831168831,1
330.4846093201413,3965.815311841696,12,11.131578947368421,2.513157894736842,1
249.15607034190995,2989.8728441029193,12,10.090909090909092,3.3376623376623376,1
184.90827032366244,2588.715784531274,14,11.30379746835443,3.392405063291139,0
297.6982275649015,2679.2840480841137,9,10.884057971014492,2.7971014492753623,0
175.21534659575312,1752.1534659575311,10,11.728571428571428,2.9714285714285715,0
234.3371038249929,2812.045245899915,12,12.391891891891891,2.7972972972972974,1
209.7348061655024,2307.082867820526,11,10.947368421052632,2.8947368421052633,0
291.4831465634277,2914.831465634277,10,10.320512820512821,3.0128205128205128,1
234.56382414527545,2111.074417307479,9,11.22972972972973,2.675675675675676,0
266.7387682714038,2133.9101461712303,8,12.282051282051283,3.1666666666666665,0
262.96108973813364,3944.4163460720047,15,11.647058823529411,3.1470588235294117,1
286.2186732114435,3148.4054053258787,11,10.662162162162161,3.445945945945946,1
263.6771893211271,2373.094703890144,9,10.136986301369863,2.9315068493150687,0
267.72484811246056,3212.6981773495268,12,10.976190476190476,3.392857142857143,1
279.6172233948958,4194.258350923437,15,11.855263157894736,2.9078947368421053,1
210.42509240798697,1472.9756468559087,7,12.192307692307692,2.628205128205128,0
239.94196039754013,4318.9552871557225,18,11.32394366197183,3.0,1
295.1032078242892,4131.444909540049,14,11.635135135135135,2.9594594594594597,1
264.55895203749475,4232.943232599916,16,11.670886075949367,3.050632911392405,1
236.57069292282912,3311.989700919608,14,11.793103448275861,2.7413793103448274,1
243.43444858074534,2921.213382968944,12,10.841269841269842,2.3968253968253967,1
284.57944953102765,3699.532843903359,13,12.525641025641026,2.8461538461538463,1
323.04690462135846,2907.422141592226,9,13.214285714285714,3.107142857142857,1
215.95222500622762,1943.5700250560485,9,11.366197183098592,3.295774647887324,0
283.50170197045617,2835.017019704562,10,12.604651162790697,3.0697674418604652,1
258.23253638931345,2582.3253638931346,10,12.28169014084507,2.6338028169014085,0
237.58756633321036,3088.6383623317347,13,11.253731343283581,2.8805970149253732,1
244.7718065920604,1713.4026461444228,7,12.461538461538462,3.1076923076923078,0
246.9161163193231,3456.8256284705235,14,10.486842105263158,2.6973684210526314,1
278.0967738428778,5005.7419291718,18,11.041666666666666,2.9444444444444446,1
240.76720884096164,3611.5081326144245,15,11.276315789473685,3.0789473684210527,1
236.60162492391544,3075.821124010901,13,11.2987012987013,2.857142857142857,1
245.33685099542788,2698.7053609497066,11,11.658536585365853,2.8292682926829267,0
328.2492727563231,2625.9941820505846,8,11.216216216216216,2.945945945945946,0
296.4418726434289,4150.186217008005,14,11.04225352112676,2.6056338028169015,1
249.75132934598167,1248.7566467299084,5,11.112903225806452,3.0806451612903225,0
260.335068369914,4686.031230658452,18,10.849315068493151,2.8904109589041096,1
211.71579507756,2540.58954093072,12,11.01388888888889,2.5972222222222223,0
219.94044545789447,2199.4044545789448,10,12.057142857142857,2.842857142857143,0
232.08486961962998,2552.93356581593,11,12.109375,2.890625,0
230.19671623832537,1150.9835811916269,5,12.50632911392405,2.721518987341772,0
287.2792102569931,2585.5128923129378,9,10.618421052631579,2.8684210526315788,0
273.3139892504118,2733.139892504118,10,11.971428571428572,3.2142857142857144,0
268.34029783180705,4293.444765308913,16,11.675324675324676,3.155844155844156,1
295.8061648960716,2662.2554840646444,9,12.746666666666666,3.16,0
272.32696508459986,3812.577511184398,14,10.302631578947368,2.8421052631578947,1
172.76897419298163,1727.6897419298164,10,11.131578947368421,2.9210526315789473,0
210.29194990507253,1682.3355992405802,8,11.897435897435898,3.0384615384615383,0
215.85927267750031,2158.592726775003,10,12.012048192771084,2.7349397590361444,0
280.94994768487203,2247.5995814789762,8,11.08695652173913,3.0144927536231885,0
279.28454757899294,5027.121856421873,18,11.822784810126583,2.8607594936708862,1
263.31751082786883,3686.4451515901637,14,11.710843373493976,3.2289156626506026,1
241.97312144652616,1935.7849715722093,8,11.197368421052632,2.789473684210526,0
258.6714759269032,3880.072138903548,15,12.290697674418604,2.86046511627907,1
324.91459314402954,2924.2313382962657,9,10.960526315789474,2.9473684210526314,1
196.6095345979728,2359.3144151756737,12,13.475409836065573,3.2459016393442623,0
205.2480250082892,1847.2322250746029,9,12.036585365853659,3.048780487804878,0
252.47029606040277,3787.0544409060417,15,10.975609756097562,3.0609756097560976,1
218.4309310756742,3276.463966135113,15,10.87012987012987,2.5064935064935066,1
268.93879622317013,3765.143147124382,14,13.208955223880597,3.343283582089552,1
260.3732458132129,3124.4789497585552,12,11.144736842105264,2.8552631578947367,1
253.48818987808306,3802.322848171246,15,11.341772151898734,2.9746835443037973,1
307.0601122041419,3377.6612342455605,11,10.132530120481928,2.8674698795180724,1
318.28262023069334,2546.2609618455467,8,12.282051282051283,3.1794871794871793,0
279.0697941937733,1116.2791767750932,4,10.534246575342467,2.863013698630137,0
300.10506697547436,3601.2608037056925,12,10.76388888888889,2.4722222222222223,1
281.040336739998,1686.242020439988,6,10.514705882352942,3.0,0
258.02384524990595,3096.2861429988716,12,11.554054054054054,2.77027027027027,1
294.73079880928606,3242.0387869021465,11,11.26923076923077,3.3205128205128207,1
205.22039858066665,1641.7631886453332,8,10.75,2.8823529411764706,0
217.87086488072137,2178.7086488072136,10,11.73913043478261,3.289855072463768,0
290.442105658425,2904.4210565842504,10,10.417721518987342,3.2658227848101267,1
279.8424627409315,3637.9520156321096,13,10.985074626865671,2.970149253731343,1
315.02915157837396,3150.2915157837397,10,11.146666666666667,2.9466666666666668,1
327.2936318035897,2291.055422625128,7,10.45,3.2125,0
253.64184514398357,1775.492916007885,7,10.594936708860759,3.1012658227848102,0
190.9338912031534,1527.4711296252271,8,11.090909090909092,3.064935064935065,0
248.11270218775005,3473.5778306285006,14,12.379746835443038,2.911392405063291,1
212.91464817211707,851.6585926884683,4,11.87012987012987,2.857142857142857,0
325.98563495997485,3259.8563495997487,10,11.012345679012345,3.0617283950617282,1
262.52623871381684,2100.2099097105347,8,11.11111111111111,3.013888888888889,0
293.24586652279476,3518.9503982735373,12,13.275,2.9,1
229.495392782057,1835.963142256456,8,12.090909090909092,2.909090909090909,0
274.44164006348484,2469.9747605713637,9,12.027397260273972,2.6986301369863015,0
235.09593954935897,3056.2472141416665,13,12.3,3.0714285714285716,1
320.950047748977,3209.5004774897698,10,10.784810126582279,3.1392405063291138,1
266.17167907821363,4258.746865251418,16,11.223684210526315,2.8947368421052633,1
267.0469241481114,3471.6100139254477,13,10.67142857142857,3.3285714285714287,1
251.1463557301233,4771.780758872343,19,10.8875,2.8625,1
289.3447863904704,3761.482223076115,13,11.240506329113924,2.6202531645569622,1
243.59737187584489,2435.9737187584487,10,11.382716049382717,3.037037037037037,0
300.48804263710673,1502.4402131855336,5,11.514285714285714,2.742857142857143,0
267.5588303620202,2943.1471339822224,11,12.169014084507042,3.056338028169014,1
223.1058883383171,3123.4824367364395,14,10.783783783783784,2.864864864864865,1
203.26992295846182,1422.8894607092327,7,10.974683544303797,2.721518987341772,0
222.31635950871532,2890.112673613299,13,11.602739726027398,2.589041095890411,1
216.3719196395182,2596.4630356742186,12,11.584415584415584,2.688311688311688,0
115.71647130389913,347.14941391169737,3,11.871794871794872,3.0128205128205128,0
303.6576875624963,5465.838376124933,18,11.746835443037975,2.9873417721518987,1
240.7185090263413,3129.340617342437,13,11.904109589041095,2.8493150684931505,1
193.85965043594769,1550.8772034875815,8,10.688311688311689,2.675324675324675,0
236.48540408353767,2601.3394449189145,11,12.746478873239436,3.267605633802817,0
288.6269374496511,2020.3885621475576,7,10.855263157894736,2.9473684210526314,0
242.3218370429769,1453.9310222578615,6,11.025641025641026,3.128205128205128,0
210.01347300713286,2310.1482030784614,11,10.506493506493506,2.844155844155844,0
282.5624559683628,2825.6245596836284,10,10.072289156626505,3.1204819277108435,1
184.20330013614483,1842.0330013614482,10,12.632911392405063,2.759493670886076,0
284.38428459126766,3696.99569968648,13,12.183098591549296,3.056338028169014,1
287.494489783401,2299.955918267208,8,11.60759493670886,2.8354430379746836,0
246.68396782879296,2220.1557104591366,9,9.394736842105264,3.1710526315789473,0
262.5584707918439,2625.5847079184387,10,11.507042253521126,2.352112676056338,1
225.97134318327113,2259.713431832711,10,11.706666666666667,2.72,0
264.70203661618535,1852.9142563132975,7,12.397260273972602,2.9863013698630136,0
224.99453779734588,1799.956302378767,8,12.573333333333334,3.026666666666667,0
170.61429297412457,853.0714648706228,5,11.394366197183098,2.9577464788732395,0
339.5910907749433,2377.137635424603,7,11.276315789473685,2.9342105263157894,0
316.7051271349869,2533.6410170798954,8,11.363636363636363,2.5324675324675323,0
263.00122698274106,2630.0122698274104,10,11.633802816901408,2.943661971830986,0
231.71114518954258,2780.533742274511,12,11.55421686746988,2.6867469879518073,1
336.0855126286973,1344.3420505147892,4,11.342105263157896,3.026315789473684,0
245.4171679391719,3190.4231832092346,13,10.10126582278481,2.670886075949367,1
172.00343851506506,1376.0275081205205,8,12.26388888888889,2.875,0
211.91642548128218,2331.080680294104,11,11.2125,2.9875,0
167.97878638880604,2183.7242230544784,13,11.276315789473685,3.223684210526316,0
243.36008674171944,3650.4013011257916,15,11.405405405405405,2.824324324324324,1
248.32659137612617,2483.265913761262,10,10.670886075949367,2.7974683544303796,0
198.30263003485229,2379.6315604182273,12,11.6,3.066666666666667,0
336.6074109619231,6732.148219238462,20,11.68421052631579,3.3421052631578947,1
281.7751045728565,4226.626568592847,15,11.013333333333334,2.76,1
249.9600107236599,2749.560117960259,11,11.736842105263158,3.4473684210526314,0
207.37815421786823,1866.4033879608141,9,11.840579710144928,3.3043478260869565,0
251.4672640008162,3269.0744320106105,13,10.81081081081081,2.77027027027027,1
208.97080271161977,1462.7956189813383,7,10.839080459770114,3.057471264367816,0
372.90499203714296,4101.954912408572,11,12.0,3.0869565217391304,1
240.76135789764362,1444.5681473858617,6,11.19718309859155,3.0704225352112675,0
242.81220841956275,3642.183126293441,15,11.441176470588236,2.9411764705882355,1
279.2518357128298,4468.029371405277,16,10.1875,2.8375,1
288.22749859694693,4035.184980357257,14,11.318840579710145,2.8550724637681157,1
246.0009246181168,3198.0120200355186,13,11.811764705882354,3.2705882352941176,1
171.7972792974246,1717.972792974246,10,10.447368421052632,3.039473684210526,0
220.62832182793892,1544.3982527955725,7,9.923076923076923,3.046153846153846,0
141.0730838597902,987.5115870185314,7,11.324324324324325,2.810810810810811,0
269.18507812805626,3230.220937536675,12,10.974025974025974,3.7012987012987013,1
282.0615241724688,3384.7382900696257,12,12.114285714285714,2.8,1
271.2102094330424,3525.732722629551,13,10.026666666666667,2.7866666666666666,1
251.26434119230353,3015.1720943076425,12,11.688311688311689,2.987012987012987,1
258.9448680948307,2071.558944758646,8,12.685714285714285,2.8857142857142857,0
238.16248315888294,2381.6248315888292,10,13.282051282051283,2.628205128205128,0
197.29963236134182,1972.996323613418,10,12.01388888888889,2.9027777777777777,0
247.6330646120465,1485.798387672279,6,10.17910447761194,2.8358208955223883,0
329.7150260608998,4616.010364852597,14,10.577464788732394,2.380281690140845,1
265.6378129491331,5578.394071931795,21,11.927710843373495,3.0843373493975905,1
282.0905850593888,4795.53994600961,17,11.772151898734178,2.9367088607594938,1
322.38797708562635,2256.7158395993843,7,12.409090909090908,3.212121212121212,0
204.76457117240807,1023.8228558620403,5,11.78125,2.875,0
223.1730875946854,2454.9039635415393,11,12.164179104477611,3.5671641791044775,0
417.51393842635815,2922.5975689845072,7,11.144927536231885,3.130434782608696,1
227.4212731824671,2956.476551372072,13,11.602941176470589,3.1470588235294117,1
287.3046103051395,2873.0461030513948,10,11.85897435897436,2.5,1
279.6990658415842,4195.485987623762,15,10.94186046511628,2.616279069767442,1
195.85995963180258,1958.5995963180258,10,9.901408450704226,2.704225352112676,0
232.59272673507277,2093.334540615655,9,11.576923076923077,2.6025641025641026,0
214.83343955064856,1074.1671977532428,5,12.43939393939394,3.0,0
199.8599367602653,2398.3192411231835,12,11.835616438356164,3.1780821917808217,0
257.9610550904339,1547.7663305426033,6,13.297619047619047,3.0476190476190474,0
185.1659288254663,1851.659288254663,10,12.863013698630137,2.958904109589041,0
299.07043219971183,4486.0564829956775,15,12.115384615384615,3.1794871794871793,1
235.43804521667127,3767.0087234667403,16,11.705128205128204,2.9743589743589745,1
267.5754665428484,1605.4527992570904,6,11.26923076923077,2.9871794871794872,0
195.48699748600353,2541.330967318046,13,9.753623188405797,2.8840579710144927,0
187.8601461996953,1878.601461996953,10,10.770114942528735,3.0804597701149423,0
170.58461404263056,2388.1845965968278,14,10.01388888888889,3.0972222222222223,0
156.39075263572954,1876.6890316287545,12,12.617283950617283,2.814814814814815,0
262.4005345802005,2886.4058803822054,11,12.18918918918919,2.9324324324324325,1
207.31201104663154,1451.1840773264207,7,11.153846153846153,3.051282051282051,0
299.7643661671595,2997.643661671595,10,11.87012987012987,2.857142857142857,1
216.29723265201156,1297.7833959120694,6,12.157894736842104,3.1315789473684212,0
249.31713295393686,2991.8055954472425,12,10.784810126582279,2.9367088607594938,1
266.30376247047195,2396.7338622342477,9,12.22972972972973,2.9054054054054053,0
250.1151670967412,3001.3820051608946,12,12.779220779220779,2.9220779220779223,1
263.949770377869,2375.547933400821,9,11.734177215189874,3.4430379746835444,0
258.17401456754953,3872.6102185132427,15,12.2375,3.1875,1
185.15230957271584,4073.3508105997485,22,12.213483146067416,2.842696629213483,1
231.17757871746457,3005.3085233270394,13,10.428571428571429,2.942857142857143,1
191.34197375893268,1530.7357900714615,8,11.291139240506329,2.9240506329113924,0
260.37755706556766,3905.663355983515,15,12.466666666666667,2.9466666666666668,1
244.9954839495471,2449.954839495471,10,11.74698795180723,2.9036144578313254,0
355.4629883766265,4976.481837272771,14,11.5,3.22972972972973,1
280.09999622269805,1960.6999735588863,7,12.114285714285714,2.4285714285714284,0
184.79494000483498,1478.3595200386799,8,12.416666666666666,2.933333333333333,0
225.53167340404227,2931.9117542525496,13,12.094594594594595,2.864864864864865,1
306.2951408932431,2756.656268039188,9,11.774647887323944,3.1971830985915495,0
256.40808306455267,3076.896996774632,12,12.179487179487179,2.7948717948717947,1
236.232203861609,1653.6254270312631,7,10.382716049382717,2.9876543209876543,0
232.7347984082937,2792.8175808995243,12,10.93939393939394,2.8484848484848486,1
245.74301094128052,1474.458065647683,6,11.7125,3.3125,0
219.6132697076524,2196.132697076524,10,12.116883116883116,2.9740259740259742,0
271.9218128994698,2991.1399418941674,11,12.175,3.225,1
205.09002370126723,2461.0802844152067,12,12.84,3.1866666666666665,0
255.93502851539282,2047.4802281231425,8,12.013698630136986,3.2739726027397262,0
277.6533280894164,4720.106577520079,17,12.337349397590362,2.9036144578313254,1
340.3891719479879,2382.7242036359153,7,10.986666666666666,3.1466666666666665,0
293.3150751701063,3519.7809020412756,12,11.131578947368421,2.6973684210526314,1
297.6421500892966,2678.7793508036693,9,9.56338028169014,2.7183098591549295,1
240.41838525529243,3125.439008318802,13,12.04054054054054,3.27027027027027,1
195.1199181427527,1170.7195088565163,6,11.413333333333334,2.8266666666666667,0
316.36628279394887,3796.3953935273867,12,12.152777777777779,3.013888888888889,1
270.18815477296624,2701.8815477296625,10,11.025316455696203,2.911392405063291,0
279.24805449464344,1954.7363814625041,7,10.333333333333334,3.0533333333333332,0
228.2336581376985,2054.1029232392866,9,12.028571428571428,3.057142857142857,0
265.8609934049713,2924.470927454684,11,11.933333333333334,2.6933333333333334,1
228.80024775105454,2059.202229759491,9,9.794117647058824,2.9558823529411766,0
332.7201971438142,3659.922168581956,11,10.354430379746836,2.9240506329113924,1
266.2439921588048,3993.6598823820723,15,11.25,3.2375,1
224.7867253482098,1798.2938027856785,8,12.407894736842104,2.789473684210526,0
265.63412024496944,3453.243563184603,13,11.223684210526315,3.210526315789474,1
222.18483494721525,3554.957359155444,16,12.025641025641026,2.628205128205128,1
215.95245038958225,1511.6671527270757,7,12.025974025974026,3.0259740259740258,0
152.11223194345885,1064.7856236042119,7,11.402439024390244,2.8658536585365852,0
249.78265865626895,4246.305197156572,17,11.87012987012987,3.5714285714285716,1
236.74344817276537,2840.9213780731843,12,11.265822784810126,2.7468354430379747,1
219.79238452707241,1538.5466916895068,7,11.904109589041095,2.9315068493150687,0
304.3682016698752,2739.313815028877,9,11.933333333333334,2.6,1
265.73870919247565,2125.909673539805,8,11.943661971830986,3.1549295774647885,0
270.1042644331799,3511.355437631338,13,11.927710843373495,2.6626506024096384,1
315.29224913506806,2207.0457439454763,7,10.621212121212121,3.015151515151515,0
184.95598773621253,2589.3838283069754,14,11.056338028169014,3.0422535211267605,0
228.9674704497304,1602.7722931481128,7,10.26865671641791,2.701492537313433,0
344.5335207109115,4134.402248530938,12,12.39240506329114,2.7974683544303796,1
260.37062679502327,2082.965014360186,8,10.987012987012987,3.2467532467532467,0
305.05380259359526,3050.5380259359526,10,13.28,3.1066666666666665,1
263.24158885578095,3948.6238328367144,15,11.35064935064935,3.3376623376623376,1
247.6048538752467,3218.863100378207,13,11.5,2.8714285714285714,1
276.2017359215495,3314.4208310585946,12,11.205882352941176,2.823529411764706,1
325.6592618223284,2930.9333564009557,9,11.12,3.0,1
352.1818393303453,4226.182071964144,12,11.219178082191782,2.7945205479452055,1
274.8356687245265,1923.8496810716854,7,10.464788732394366,3.0,0
323.5770929738148,4853.656394607222,15,12.0,2.7051282051282053,1
278.4435994168859,4176.653991253288,15,11.915492957746478,2.76056338028169,1
201.64439992107845,2218.088399131863,11,11.666666666666666,2.9871794871794872,0
229.41435946281982,4358.872829793577,19,11.071428571428571,2.630952380952381,1
267.8094430179624,2410.2849871616613,9,12.352941176470589,2.735294117647059,0
232.9506076314296,2096.5554686828664,9,12.054794520547945,3.191780821917808,0
284.478637284923,2844.7863728492302,10,12.597402597402597,3.0779220779220777,1
334.1962055683744,3007.7658501153696,9,11.267605633802816,3.1267605633802815,1
222.14185978903387,3776.4116164135758,17,12.569620253164556,2.848101265822785,1
285.844107576825,4001.8175060755507,14,11.936708860759493,3.2531645569620253,1
283.2812917152045,2549.5316254368404,9,11.86111111111111,2.8194444444444446,0
299.6440260754589,2996.440260754589,10,11.08695652173913,3.260869565217391,1
277.2526621441984,3049.7792835861824,11,11.402985074626866,2.970149253731343,1
282.94478713818626,2546.5030842436763,9,11.935064935064934,3.0,0
237.68883170020672,2852.2659804024806,12,12.25,3.142857142857143,1
353.6136545534657,3889.750200088123,11,11.217391304347826,3.1884057971014492,1
193.03415684385908,1930.3415684385907,10,11.493333333333334,2.72,0
217.74797129027314,3048.471598063824,14,12.0,2.9615384615384617,1
209.25277554220207,2720.286082048627,13,11.885714285714286,3.2,0
371.0923874015652,2226.554324409391,6,10.26984126984127,3.111111111111111,0
157.75200480276595,1577.5200480276596,10,10.481927710843374,3.036144578313253,0
205.0479774670348,1845.4317972033132,9,9.6,3.242857142857143,0
258.9471600109605,1294.7358000548024,5,12.96,2.8933333333333335,0
239.64059878268958,1677.4841914788271,7,11.35897435897436,2.91025641025641,0
151.43850961092346,1665.823605720158,11,11.81578947368421,3.013157894736842,0
209.27977742935073,2092.7977742935072,10,12.938271604938272,2.9382716049382718,0
281.60605381549306,2816.0605381549303,10,11.779220779220779,2.896103896103896,1
226.1818972112886,3845.0922525919063,17,11.385542168674698,2.8674698795180724,1
175.30658733125026,2103.679047975003,12,12.661764705882353,3.073529411764706,0
325.44370275785,2603.5496220628,8,12.805194805194805,3.3636363636363638,0
229.3931850571443,2982.111405742876,13,11.837837837837839,2.8513513513513513,1
236.21286615253777,2834.554393830453,12,11.442857142857143,3.1857142857142855,1
314.38213353599616,2829.4392018239655,9,12.35897435897436,2.717948717948718,1
193.47201417045733,1547.7761133636586,8,11.35,2.8875,0
251.7838876931821,3273.1905400113674,13,12.985915492957746,3.0140845070422535,1
218.54588545906867,2622.550625508824,12,10.58108108108108,3.0,0
258.3329018168004,2841.6619199848046,11,10.485714285714286,2.942857142857143,1
191.34099263084167,1530.7279410467333,8,14.013157894736842,3.0921052631578947,0
221.39157371357874,2656.698884562945,12,12.090909090909092,2.792207792207792,0
256.1078559158421,2304.970703242579,9,10.685714285714285,2.7285714285714286,0
255.11320514165075,3571.5848719831106,14,11.9,2.8,1
222.72020017290365,3563.5232027664583,16,11.73076923076923,3.4743589743589745,1
253.8063297552333,3807.094946328499,15,10.948051948051948,3.103896103896104,1
255.7995787445674,2813.7953661902416,11,11.130952380952381,2.9642857142857144,1
236.36761725658954,3781.8818761054326,16,13.164383561643836,3.136986301369863,1
227.68079788913934,2959.8503725588116,13,12.571428571428571,3.2857142857142856,1
224.1391847152295,1793.113477721836,8,10.88,2.8266666666666667,0
197.500709956257,1580.005679650056,8,10.442857142857143,3.257142857142857,0
270.09853957325055,3241.1824748790063,12,12.094594594594595,2.945945945945946,1
243.32072196137224,1459.9243317682335,6,11.662337662337663,2.935064935064935,0
306.85376829012154,4295.952756061702,14,11.506849315068493,2.904109589041096,1
204.4868290871587,2044.868290871587,10,12.743589743589743,2.8461538461538463,0
217.27969461126324,2390.0766407238957,11,11.539325842696629,3.1235955056179776,0
277.16584698612957,3880.3218578058136,14,11.414285714285715,2.7857142857142856,1
298.192870800659,2981.92870800659,10,12.25,2.8333333333333335,1
252.1339822943086,2017.0718583544688,8,10.694444444444445,2.5972222222222223,0
293.3109664581467,3519.7315974977605,12,10.343283582089553,2.8507462686567164,1
170.2209705757309,1702.209705757309,10,10.783783783783784,2.864864864864865,0
206.95634452140254,2276.519789735428,11,11.810126582278482,2.9873417721518987,0
232.6699109192194,3722.7185747075105,16,11.928571428571429,3.2023809523809526,1
236.04490957543388,3068.5838244806405,13,12.48611111111111,2.388888888888889,1
300.79998469231316,3007.9998469231314,10,10.986666666666666,2.8133333333333335,1
196.1181002004952,3137.8896032079233,16,12.014925373134329,2.537313432835821,1
251.8615098438823,3526.061137814352,14,10.662650602409638,2.4819277108433737,1
297.8927084276587,4468.390626414881,15,10.666666666666666,3.2051282051282053,1
297.1968380803711,3863.558895044824,13,11.896103896103897,2.6363636363636362,1
263.7326307244936,2109.861045795949,8,11.050632911392405,2.9367088607594938,0
318.45750601924146,2229.2025421346902,7,12.68918918918919,2.675675675675676,0
160.70221451142476,1607.0221451142477,10,11.367647058823529,2.838235294117647,0
285.748104845372,3143.2291532990916,11,8.907894736842104,3.4342105263157894,1
228.3704195192349,3197.1858732692885,14,12.306666666666667,3.08,1
240.0461492856903,3840.7383885710447,16,10.465753424657533,2.9178082191780823,1
334.93517273958184,3349.3517273958187,10,9.686567164179104,2.970149253731343,1
224.92175921593056,1349.5305552955833,6,12.18421052631579,3.3157894736842106,0
256.67395538938916,4106.783286230227,16,12.382716049382717,2.345679012345679,1
288.23182115191213,4035.24549612677,14,10.376811594202898,2.739130434782609,1
375.29871253137844,2627.090987719649,7,11.26086956521739,2.7246376811594204,1
303.97208041236513,3343.6928845360167,11,11.786666666666667,2.6666666666666665,1
348.75338824951604,3487.5338824951605,10,12.768292682926829,2.975609756097561,1
170.37742748082914,2214.906557250779,13,11.333333333333334,2.7901234567901234,0
225.26747563776672,2252.674756377667,10,11.606060606060606,2.909090909090909,0
269.28732959230683,3770.0226142922957,14,11.372093023255815,2.988372093023256,1
297.2672036656275,3864.4736476531575,13,11.408450704225352,3.084507042253521,1
270.8051353435309,2708.0513534353086,10,11.73611111111111,3.125,0
287.6502449719759,2013.5517148038314,7,12.23611111111111,3.2083333333333335,0
313.4524137499114,2194.1668962493795,7,11.35897435897436,2.6923076923076925,0
331.99014406771903,2987.9112966094713,9,12.126760563380282,2.76056338028169,1
253.37612151620579,2787.1373366782636,11,12.129032258064516,3.193548387096774,0
256.5810345431799,1282.9051727158994,5,12.12987012987013,3.051948051948052,0
155.394261834953,932.365571009718,6,11.011904761904763,3.1547619047619047,0
259.5969419561133,1557.5816517366798,6,12.296296296296296,2.9135802469135803,0
193.88728776382672,3102.1966042212275,16,10.584615384615384,3.123076923076923,1
170.35211156292493,1362.8168925033995,8,11.09375,2.625,0
292.92741086715705,2929.2741086715705,10,11.987179487179487,3.3205128205128207,1
237.25156774254737,3084.270380653116,13,10.625,3.2625,1
218.26658102891912,2837.4655533759487,13,10.08860759493671,2.810126582278481,1
262.73833549452746,2364.645019450747,9,10.527027027027026,2.581081081081081,0
181.89851474996163,1818.9851474996165,10,12.3875,2.9875,0
248.20505755523257,1737.435402886628,7,10.426666666666666,2.8533333333333335,0
212.21938128778257,1909.9744315900432,9,11.831168831168831,3.116883116883117,0
295.49458396458687,2659.451255681282,9,12.442857142857143,2.6857142857142855,0
233.344193707618,3500.1629056142697,15,11.5,2.9285714285714284,1
332.7551745033973,3993.062094040768,12,12.519480519480519,3.1298701298701297,1
232.62285729725747,2791.4742875670895,12,11.794520547945206,3.4383561643835616,0
238.9180162671994,1911.3441301375951,8,11.414634146341463,3.1219512195121952,0
197.89161229150824,1583.132898332066,8,11.876923076923077,2.8615384615384616,0
239.7238340465461,2397.238340465461,10,11.845070422535212,3.0140845070422535,0
277.5360500523139,1942.7523503661973,7,12.0,2.823529411764706,0
245.79941753425996,2457.9941753425996,10,11.216216216216216,2.891891891891892,0
316.31048107803883,2214.173367546272,7,11.176470588235293,2.838235294117647,0
267.4291274717547,4011.436912076321,15,11.574712643678161,2.8505747126436782,1
263.57347258333306,2635.7347258333307,10,12.014705882352942,3.1470588235294117,0
200.6958330334648,2006.958330334648,10,12.364864864864865,2.7837837837837838,0
217.87480137738777,2396.6228151512655,11,10.82089552238806,3.1492537313432836,0
323.29180066001675,4202.793408580218,13,10.764705882352942,2.5588235294117645,1
239.15820415487687,1195.7910207743844,5,12.3,2.8142857142857145,0
214.26804126329384,3214.0206189494074,15,10.646341463414634,3.0365853658536586,1
205.1028760079918,1025.514380039959,5,10.679487179487179,3.0,0
182.28396904257585,2551.975566596062,14,9.785714285714286,3.057142857142857,0
247.73401350447637,3220.542175558193,13,11.116883116883116,2.6623376623376624,1
199.3388714571786,1794.0498431146075,9,11.012820512820513,2.871794871794872,0
231.5154914467839,1389.0929486807033,6,11.27027027027027,3.3513513513513513,0
264.9175497316306,3179.0105967795666,12,10.746666666666666,2.466666666666667,1
250.02297467908224,2250.20677211174,9,10.915492957746478,2.971830985915493,0
266.89038431058515,3736.4653803481924,14,11.0625,2.6125,1
260.97344385715587,3653.628214000182,14,10.623188405797102,2.710144927536232,1
268.17992263386395,3218.1590716063674,12,11.382716049382717,2.740740740740741,1
198.27229331528588,2379.2675197834305,12,11.523076923076923,2.8923076923076922,0
233.31062562053694,1866.4850049642955,8,9.797101449275363,3.217391304347826,0
347.31418726400955,4862.398621696134,14,10.686746987951807,3.036144578313253,1
255.34389052984403,2553.43890529844,10,12.133333333333333,2.9466666666666668,0
227.04375797988294,2724.5250957585954,12,10.302631578947368,3.039473684210526,0
300.8267839434841,3008.267839434841,10,11.602272727272727,2.9318181818181817,1
275.34423561246354,2478.0981205121716,9,10.976470588235294,3.176470588235294,0
180.98531922717896,2352.8091499533266,13,12.467532467532468,3.064935064935065,0
216.6829118627239,1950.146206764515,9,11.078125,3.203125,0
243.94058219916795,3171.227568589183,13,12.333333333333334,2.888888888888889,1
143.60298163784478,1292.426834740603,9,11.261538461538462,2.723076923076923,0
268.24161924579266,2682.4161924579266,10,12.234375,2.90625,0
212.74415826947606,2340.1857409642366,11,11.819444444444445,2.9444444444444446,0
334.23414054087505,3008.1072648678755,9,10.373333333333333,2.6533333333333333,1
243.26394937981564,3405.695291317419,14,9.885714285714286,2.9285714285714284,1
223.19271268896298,1562.348988822741,7,12.347826086956522,2.9130434782608696,0
327.10297296674014,3271.0297296674016,10,11.986301369863014,3.2054794520547945,1
179.23585170685266,1433.8868136548213,8,10.735294117647058,3.1323529411764706,0
224.4890419307866,2469.3794612386528,11,11.341772151898734,2.6962025316455698,0
285.62562617383236,2285.005009390659,8,12.452054794520548,2.547945205479452,0
285.1450904708613,1996.0156332960291,7,11.277777777777779,2.7222222222222223,0
276.9816189323395,3046.7978082557343,11,12.18421052631579,2.9342105263157894,1
317.82664828179895,3813.9197793815874,12,11.734177215189874,2.9240506329113924,1
259.46257729811686,1556.775463788701,6,10.881578947368421,2.986842105263158,0
230.79859373042882,2538.784531034717,11,11.316455696202532,3.367088607594937,0
145.4550575539881,1163.6404604319048,8,11.154929577464788,3.1549295774647885,0
248.06819839147485,3969.0911742635976,16,11.25974025974026,2.5324675324675323,1
221.94369130698738,1997.4932217628864,9,11.095890410958905,2.8219178082191783,0
273.3504965764424,4100.2574486466365,15,9.819444444444445,2.7777777777777777,1
275.82785536768137,4137.417830515221,15,11.397260273972602,3.1232876712328768,1
251.32344098992348,2513.234409899235,10,11.753246753246753,3.103896103896104,0
365.1926845716899,3651.9268457168987,10,10.657142857142857,2.8142857142857145,1
247.200908398019,3955.214534368304,16,12.756410256410257,3.282051282051282,1
228.11811990403922,2737.4174388484707,12,11.944444444444445,2.8055555555555554,1
182.5243760877913,1277.670632614539,7,10.039473684210526,3.1447368421052633,0
269.649507499835,3775.0931049976903,14,9.322033898305085,3.169491525423729,1
250.55538625282944,1503.3323175169767,6,11.222222222222221,2.9444444444444446,0
352.84505120923586,2469.915358464651,7,10.797101449275363,2.971014492753623,0
235.11865726117347,2586.305229872908,11,11.686746987951807,3.3012048192771086,0
241.5801628785322,3382.1222802994507,14,11.85,2.775,1
244.38345263067276,2443.8345263067276,10,11.604938271604938,3.074074074074074,0
271.71801043449636,2717.1801043449636,10,12.867647058823529,3.0,0
277.6422726162667,3054.064998778934,11,11.529411764705882,2.838235294117647,1
197.0020209631152,1576.0161677049216,8,12.530303030303031,2.8636363636363638,0
225.3579603034074,4507.159206068148,20,10.904761904761905,2.738095238095238,1
275.4163684401084,2203.330947520867,8,11.405063291139241,2.8607594936708862,0
283.25810760473394,2549.3229684426055,9,11.36,2.56,0
314.19052378542955,4084.476809210584,13,12.632911392405063,3.0759493670886076,1
313.4153677484063,1567.0768387420314,5,10.951219512195122,2.792682926829268,0
246.11812130690262,1476.7087278414158,6,10.658227848101266,3.1772151898734178,0
246.06805373215064,3198.8846985179584,13,12.013513513513514,3.2972972972972974,1
356.30287121081454,4275.634454529774,12,10.32,3.08,1
243.1453601441785,2917.744321730142,12,10.792682926829269,2.3902439024390243,1
257.2008477728544,3858.0127165928157,15,13.822784810126583,2.7974683544303796,1
301.180506062035,4517.707590930525,15,11.175,2.8125,1
298.2090620481897,3280.299682530087,11,11.212121212121213,2.4545454545454546,1
241.64574375599227,966.5829750239691,4,13.152777777777779,2.986111111111111,0
250.9336161947821,2007.4689295582568,8,11.225,2.875,0
219.9156196631734,2858.903055621254,13,10.337837837837839,3.027027027027027,1
287.2483955114574,2872.4839551145737,10,10.662337662337663,2.8701298701298703,1
216.45205882911523,1298.7123529746914,6,10.695652173913043,2.63768115942029,0
223.3993120429676,3797.7883047304495,17,12.636363636363637,2.74025974025974,1
232.89344686878098,2328.93446868781,10,12.708333333333334,3.0277777777777777,0
280.5332220911838,2805.3322209118382,10,11.6,3.1066666666666665,0
278.58975253323194,1950.1282677326237,7,11.857142857142858,2.987012987012987,0
299.1924061661943,2692.731655495749,9,12.520547945205479,3.041095890410959,0
272.91734264797157,1910.421398535801,7,11.515625,2.9375,0
300.1522423389487,4502.283635084231,15,10.695121951219512,3.1097560975609757,1
331.93332083411286,2987.3998875070156,9,12.24,3.1333333333333333,1
249.1687480957368,5232.543710010473,21,11.922077922077921,2.987012987012987,1
236.52399743818935,2838.2879692582724,12,12.81159420289855,2.971014492753623,1
188.78816969738594,1321.5171878817016,7,11.306666666666667,3.013333333333333,0
208.2119046074159,1457.4833322519114,7,11.710144927536232,2.971014492753623,0
211.57671188744715,2327.3438307619185,11,12.183908045977011,3.1954022988505746,0
224.33865647212554,1794.7092517770043,8,12.586666666666666,3.12,0
237.82772439644938,3567.4158659467407,15,11.191176470588236,2.6323529411764706,1
167.4007606218259,1674.0076062182588,10,11.617283950617283,3.0617283950617282,0
303.79475277343045,2734.152774960874,9,11.233766233766234,2.961038961038961,0
240.20769386609498,2402.07693866095,10,11.046511627906977,3.104651162790698,0
242.28816111919812,2907.4579334303776,12,12.4375,3.09375,1
270.94803447282175,4877.064620510791,18,13.578947368421053,2.6842105263157894,1
305.2484272204149,2441.987417763319,8,11.690140845070422,2.859154929577465,0
273.7926756628926,3559.3047836176033,13,10.10958904109589,3.232876712328767,1
308.31308930452616,1849.878535827157,6,11.333333333333334,3.0793650793650795,0
206.76107680648715,1654.0886144518972,8,11.37037037037037,2.765432098765432,0
196.8739023284979,1771.8651209564812,9,10.961538461538462,3.128205128205128,0
292.23449733897786,1753.4069840338673,6,11.015384615384615,3.0307692307692307,0
279.9620467128429,1679.7722802770572,6,11.714285714285714,2.883116883116883,0
326.7207310154091,4247.369503200319,13,12.521739130434783,3.3152173913043477,1
238.44468260884878,2861.3361913061854,12,12.157142857142857,2.6285714285714286,1
218.00170558867933,1962.0153502981138,9,10.616438356164384,2.9726027397260273,0
211.70860082752048,2752.211810757766,13,10.704225352112676,3.1267605633802815,1
233.53574727052361,2568.8932199757596,11,11.716417910447761,3.1343283582089554,0
284.17859336329474,1420.8929668164737,5,12.41891891891892,2.9324324324324325,0
198.84678314861017,1590.7742651888814,8,11.246376811594203,2.9855072463768115,0
241.84694799566165,2176.622531960955,9,12.635135135135135,3.0,0
226.3459662812206,2942.4975616558677,13,10.974025974025974,2.675324675324675,1
272.5145274369581,2997.659801806539,11,11.17283950617284,3.074074074074074,1
275.18900129169845,1926.323009041889,7,11.2,2.9125,0
258.71465262209784,2328.4318735988804,9,11.688311688311689,2.6363636363636362,0
282.2334055765758,2822.334055765758,10,11.657142857142857,3.0,1
304.7287389562387,1828.3724337374324,6,11.19767441860465,3.104651162790698,0
258.0976307433897,2580.9763074338966,10,10.885714285714286,3.0,0
243.16502709056488,2917.9803250867785,12,11.046153846153846,2.8,1
311.6211218457347,3116.211218457347,10,12.114285714285714,3.1,1
224.45355563804011,1571.1748894662808,7,11.0625,2.921875,0
218.48674420313282,2184.867442031328,10,11.444444444444445,2.962962962962963,0
189.49875946096458,1894.9875946096458,10,9.8625,3.2875,0
285.95791471631003,4003.41080602834,14,12.68421052631579,2.776315789473684,1
224.21979312299015,2914.857310598872,13,10.0875,2.45,1
308.57284167253965,4320.019783415555,14,12.240506329113924,3.0759493670886076,1
292.88975896681393,4100.456625535395,14,10.08695652173913,2.9855072463768115,1
221.99176334202411,1553.9423433941688,7,11.5,3.014705882352941,0
261.7139360602266,1308.569680301133,5,12.871794871794872,3.128205128205128,0
295.7585622647674,4140.619871706744,14,11.835616438356164,2.958904109589041,1
240.71193849519057,2166.407446456715,9,10.63888888888889,2.4583333333333335,0
259.44371414883204,3632.2119980836487,14,9.296296296296296,2.962962962962963,1
241.34476385204525,3378.8266939286336,14,12.52,2.7066666666666666,1
196.8366784747624,2558.8768201719113,13,12.714285714285714,2.9714285714285715,0
205.94145926423263,2677.2389704350244,13,11.486842105263158,2.763157894736842,1
254.0193264863134,1524.1159589178803,6,11.705128205128204,3.0641025641025643,0
257.90539331086296,3610.675506352082,14,10.805194805194805,3.272727272727273,1
193.62617171421272,2129.88788885634,11,11.782051282051283,2.8461538461538463,0
222.95091104061913,2898.3618435280487,13,12.906666666666666,2.7866666666666666,1
306.1869933947955,4286.617907527137,14,11.475,2.3125,1
259.6891733499141,2337.202560149227,9,11.35483870967742,2.7903225806451615,0
197.38142701147615,2171.1956971262375,11,12.137931034482758,2.9885057471264367,0
221.3780583496308,1328.2683500977848,6,11.382352941176471,3.3529411764705883,0
236.10434732470415,2597.147820571746,11,10.902777777777779,2.8194444444444446,0
259.9675199572926,3379.5777594448036,13,12.6125,2.9125,1
255.73492387614755,3580.2889342660656,14,9.614285714285714,3.1,1
263.2103639300254,2895.314003230279,11,12.345679012345679,2.962962962962963,1
339.0828958281074,1695.414479140537,5,10.753623188405797,3.028985507246377,0
354.7321951907593,2128.3931711445557,6,11.93939393939394,2.8181818181818183,0
316.48664153117676,2531.893132249414,8,12.26027397260274,3.2054794520547945,0
225.48118176759783,2029.3306359083804,9,11.071428571428571,2.7285714285714286,0
318.17412413383784,2227.218868936865,7,10.91304347826087,3.2318840579710146,0
204.4053915181924,1839.6485236637316,9,10.054054054054054,3.027027027027027,0
257.9998788067277,4385.997939714371,17,11.746478873239436,2.5774647887323945,1
168.15673670039448,1008.9404202023668,6,12.520547945205479,2.767123287671233,0
208.02764477393157,1248.1658686435894,6,10.773333333333333,3.453333333333333,0
244.25670751352723,2442.5670751352723,10,9.875,3.111111111111111,0
317.3637178151856,3173.6371781518565,10,11.125,3.1704545454545454,1
283.5448194593453,3686.082652971489,13,13.4,3.357142857142857,1
229.6227238918281,2755.472686701937,12,10.402597402597403,2.688311688311688,1
219.80407679697691,2198.040767969769,10,12.5,2.6707317073170733,0
211.33249147123877,2324.6574061836263,11,11.246153846153845,2.953846153846154,0
299.16673776109104,1795.0004265665464,6,12.777777777777779,2.763888888888889,0
170.31716085581897,1532.8544477023706,9,10.216216216216216,2.6486486486486487,0
237.47785359793838,2849.7342431752604,12,11.717948717948717,2.6538461538461537,1
273.1593675860866,2185.274940688693,8,11.493150684931507,3.1506849315068495,0
212.43838308892745,2549.2605970671293,12,12.243589743589743,3.08974358974359,0
306.8712515519349,1534.3562577596745,5,11.945205479452055,3.1095890410958904,0
157.60792886503665,1260.8634309202932,8,12.264705882352942,3.3088235294117645,0
270.35921368926853,3514.669777960491,13,9.857142857142858,2.909090909090909,1
236.7943007592165,3551.9145113882473,15,11.605263157894736,3.0657894736842106,1
247.42338554114002,3711.3507831171005,15,11.753424657534246,3.164383561643836,1
296.26433420469783,2073.850339432885,7,11.173333333333334,3.32,0
220.0278214719962,2860.3616791359505,13,11.378378378378379,2.9594594594594597,1
281.93923203498065,2255.513856279845,8,12.342465753424657,3.1506849315068495,0
334.80235398285083,2678.4188318628067,8,11.935064935064934,3.0779220779220777,0
273.5996634456144,2735.996634456144,10,10.960526315789474,3.3026315789473686,0
242.72795496452719,2670.007504609799,11,10.906666666666666,3.546666666666667,0
224.49392377219635,3816.396704127338,17,10.708860759493671,3.0253164556962027,1
268.77382754595226,2150.190620367618,8,12.794520547945206,2.6986301369863015,0
232.4293663493104,1627.005564445173,7,11.794871794871796,3.2435897435897436,0
303.0555090581074,3636.666108697289,12,11.341772151898734,2.8734177215189876,1
284.166239209515,3694.1611097236955,13,13.029850746268657,3.5671641791044775,1
271.3504749903287,2442.154274912958,9,12.030303030303031,2.696969696969697,0
322.9901869557947,3229.901869557947,10,12.573170731707316,2.902439024390244,1
266.45276408624034,2664.527640862403,10,10.767123287671232,3.3835616438356166,0
294.09703360079783,1764.582201604787,6,10.220588235294118,2.985294117647059,0
289.2241759077092,2024.5692313539644,7,11.662337662337663,2.779220779220779,0
271.2313542636895,4068.4703139553426,15,12.397260273972602,2.9452054794520546,1
206.91017152892513,1862.191543760326,9,11.291139240506329,2.7848101265822787,0
302.3086223845988,3325.3948462305866,11,10.935064935064934,2.7142857142857144,1
243.6720415159968,2436.720415159968,10,11.253333333333334,2.9066666666666667,0
306.7273521120741,3067.273521120741,10,11.04225352112676,2.971830985915493,1
227.24369874689265,1590.7058912282484,7,12.0,2.689189189189189,0
201.6169051650512,1612.9352413204097,8,11.575342465753424,2.506849315068493,0
305.62928118536644,3667.5513742243975,12,12.289156626506024,2.891566265060241,1
293.9780671255841,2939.7806712558413,10,11.447368421052632,3.026315789473684,1
242.56506708757377,1940.5205367005901,8,11.56338028169014,2.6338028169014085,0
333.8204638890479,3338.204638890479,10,13.314285714285715,3.0,1
252.80939241632808,3286.522101412265,13,11.058823529411764,2.838235294117647,1
211.65456126839135,2116.5456126839135,10,10.701492537313433,2.8507462686567164,0
275.8754083169299,4138.131124753949,15,11.23076923076923,2.782051282051282,1
176.3688803646749,1234.5821625527244,7,13.183098591549296,3.3943661971830985,0
233.2692352787586,1632.8846469513103,7,11.552631578947368,2.986842105263158,0
279.3579614421658,3072.937575863824,11,12.347222222222221,2.9583333333333335,1
256.9370112063587,3340.181145682663,13,10.523255813953488,2.9186046511627906,1
351.31095650298175,3161.798608526836,9,11.121951219512194,2.7439024390243905,1
240.72236192251847,2407.223619225185,10,13.5,3.1323529411764706,0
219.13467645356565,4382.693529071313,20,12.097222222222221,3.2222222222222223,1
224.69362681356841,3145.7107753899577,14,11.851851851851851,2.753086419753086,1
155.02333693021941,1240.1866954417553,8,12.319444444444445,2.388888888888889,0
296.9396384058816,2969.3963840588162,10,11.703703703703704,3.2222222222222223,1
182.4897446659296,2007.3871913252256,11,10.765432098765432,2.8395061728395063,0
172.0186086934003,2236.241913014204,13,10.68,3.16,0
261.55403445995483,3138.648413519458,12,10.7625,2.75,1
166.27209388093573,1496.4488449284215,9,11.357142857142858,2.9285714285714284,0
270.98882326511466,2167.9105861209173,8,11.907692307692308,2.9692307692307693,0
213.01787983332702,2556.214557999924,12,12.950617283950617,2.6296296296296298,0
296.8700329011517,4156.180460616124,14,10.148148148148149,3.111111111111111,1
263.87038069251423,2374.833426232628,9,11.031746031746032,2.6666666666666665,0
209.8433080366337,2727.963004476238,13,12.333333333333334,2.5238095238095237,1
238.06273056676025,1904.501844534082,8,11.407894736842104,3.210526315789474,0
311.20505557264426,3734.460666871731,12,11.782051282051283,2.6538461538461537,1
175.82597118430365,2109.911654211644,12,11.407894736842104,2.8947368421052633,0
288.48081928005405,3461.7698313606484,12,11.642857142857142,2.4,1
302.98583649974313,3635.8300379969173,12,11.133333333333333,2.8666666666666667,1
257.0982428764524,2313.8841858880714,9,12.25,2.9558823529411766,0
214.1520212492014,1713.2161699936112,8,10.79746835443038,2.6835443037974684,0
246.85920721140204,3949.7473153824326,16,11.072463768115941,3.289855072463768,1
292.4590946000435,3217.0500406004785,11,10.202898550724637,3.2753623188405796,1
329.23018493471403,1646.1509246735702,5,10.695652173913043,2.5072463768115942,0
333.66584437175976,2669.326754974078,8,11.48611111111111,3.0833333333333335,0
310.68612366192116,3417.5473602811326,11,11.08,2.933333333333333,1
160.72855721213134,482.185671636394,3,11.257142857142858,3.1285714285714286,0
316.91194248446686,2852.2074823602015,9,11.191176470588236,2.735294117647059,1
251.67461264772584,2516.7461264772583,10,11.606741573033707,2.651685393258427,0
405.9416705077779,4059.416705077779,10,12.058823529411764,2.7794117647058822,1
202.14669144862248,2021.4669144862248,10,12.95774647887324,2.7746478873239435,0
268.0358391178121,2412.3225520603087,9,12.045454545454545,2.696969696969697,0
246.6528060619557,3206.4864788054238,13,11.567164179104477,2.656716417910448,1
288.995770119556,2600.9619310760045,9,12.0,3.3972602739726026,0
162.3628618951266,974.1771713707595,6,11.79746835443038,3.0126582278481013,0
289.9415991772549,5508.890384367843,19,11.127906976744185,3.127906976744186,1
301.55690495971993,3618.6828595166394,12,11.788732394366198,3.0140845070422535,1
249.82400204273486,2248.416018384614,9,12.384615384615385,3.0615384615384613,0
228.77667314513027,1372.6600388707816,6,11.112676056338028,3.2535211267605635,0
234.53304377763143,3283.46261288684,14,11.184615384615384,3.169230769230769,1
242.2726639330917,3391.817295063284,14,11.242857142857142,3.1142857142857143,1
289.72625180856016,3766.441273511282,13,12.263157894736842,2.8026315789473686,1
286.41199959402485,3436.943995128298,12,11.36923076923077,3.3230769230769233,1
259.0070644697925,3108.0847736375104,12,11.162162162162161,3.0135135135135136,1
228.9325316669482,2060.392785002534,9,11.788235294117648,3.3176470588235296,0
303.43449710755635,2730.910473968007,9,11.1,3.0875,0
262.53064259939055,2362.7757833945147,9,12.325,2.7625,0
295.5081353897154,3546.0976246765845,12,11.202702702702704,3.364864864864865,1
325.94977709263736,3585.4475480190113,11,12.376623376623376,2.792207792207792,1
258.8621640860665,2588.621640860665,10,12.285714285714286,3.242857142857143,0
301.4458333943449,3315.904167337794,11,10.511627906976743,2.988372093023256,1
199.41752606497045,1994.1752606497046,10,10.855263157894736,2.6842105263157894,0
292.03205034537405,4672.512805525985,16,11.670731707317072,3.268292682926829,1
279.39600766648164,3073.356084331298,11,12.693333333333333,2.84,1
285.5926272289509,5140.667290121116,18,9.986666666666666,2.72,1
277.33356652722915,4160.003497908438,15,12.025974025974026,2.6233766233766236,1
292.4791323444814,3217.2704557892953,11,10.9,2.742857142857143,1
182.90625460668872,1463.2500368535098,8,13.367088607594937,2.6455696202531644,0
282.4514144234508,3954.319801928311,14,11.506849315068493,3.0136986301369864,1
367.1618267327775,3671.6182673277754,10,11.353658536585366,2.817073170731707,1
268.4055020634274,2684.0550206342737,10,11.518518518518519,3.185185185185185,0
136.78169975477078,1231.035297792937,9,11.684931506849315,2.643835616438356,0
259.3280745215915,3630.5930433022804,14,11.506666666666666,2.7333333333333334,1
271.89724343096816,2718.9724343096814,10,11.78125,3.21875,0
210.35971708344346,1682.8777366675477,8,12.5,2.6142857142857143,0
203.34845657960483,2033.4845657960484,10,9.917808219178083,2.8904109589041096,0
199.19718546228057,1593.5774836982446,8,11.256756756756756,3.1486486486486487,0
276.0345294785536,2760.345294785536,10,11.5875,3.275,0
261.73404569207537,3402.54259399698,13,10.708860759493671,2.9873417721518987,1
264.01514158719306,3168.1816990463167,12,11.552238805970148,2.8805970149253732,1
249.46193380852188,4240.852874744872,17,11.924050632911392,2.7341772151898733,1
213.2432955623937,2345.676251186331,11,11.366197183098592,2.7746478873239435,0
154.7328915191741,773.6644575958705,5,10.626666666666667,2.96,0
193.59345866688605,1355.1542106682023,7,11.64102564102564,3.0128205128205128,0
281.0474178636012,1967.3319250452084,7,12.876712328767123,2.780821917808219,0
218.36749514642202,2620.409941757064,12,11.64935064935065,3.051948051948052,0
285.2970910624071,1711.7825463744427,6,11.447368421052632,2.6842105263157894,0
236.06384960968444,2124.57464648716,9,12.5,2.7857142857142856,0
229.45544616475368,3441.8316924713054,15,10.785714285714286,2.8333333333333335,1
198.37458317107348,2182.1204148818083,11,11.126760563380282,2.943661971830986,0
261.45594136042183,1568.735648162531,6,10.861538461538462,3.292307692307692,0
246.37760280379104,2217.3984252341193,9,11.729411764705882,2.6470588235294117,0
314.69938542860365,3776.3926251432435,12,11.814814814814815,2.9135802469135803,1
283.126763176276,3114.394394939036,11,11.725,3.0125,1
244.47899637400076,2933.747956488009,12,10.772151898734178,3.1012658227848102,1
295.58310277856606,2364.6648222285285,8,12.5,3.2794117647058822,0
238.7629762471138,2865.155714965366,12,12.533333333333333,2.7866666666666666,1
212.83969940684545,1915.5572946616091,9,9.656716417910447,2.701492537313433,0
213.94035911735003,2567.2843094082004,12,11.17283950617284,3.0864197530864197,0
260.2238718509429,2342.014846658486,9,10.435897435897436,3.1025641025641026,0
266.89123361075184,3202.694803329022,12,10.297297297297296,3.054054054054054,1
243.8620622240496,2682.4826844645454,11,11.475,2.875,0
218.02227188401466,2180.2227188401466,10,11.219178082191782,3.136986301369863,0
282.18195151230896,3950.5473211723256,14,13.076923076923077,2.923076923076923,1
323.8839218846897,4210.490984500966,13,10.468354430379748,2.7974683544303796,1
260.4192616691082,2343.7733550219737,9,10.75268817204301,2.913978494623656,0
278.41610592703046,3897.8254829784264,14,11.952941176470588,2.788235294117647,1
285.0086770007046,2280.069416005637,8,11.47887323943662,2.7464788732394365,0
250.61004693574054,3007.3205632288864,12,11.552238805970148,3.1492537313432836,1
222.22631112790768,2222.263111279077,10,10.818181818181818,3.051948051948052,0
269.30513483068546,3231.6616179682255,12,12.01388888888889,3.0833333333333335,1
337.4339877496405,3036.9058897467644,9,11.36,2.466666666666667,1
232.50376158890688,3022.5489006557896,13,10.666666666666666,2.7948717948717947,1
305.2767608918143,2136.9373262427002,7,10.595238095238095,3.4285714285714284,0
289.52352158157277,3474.282258978873,12,10.223684210526315,3.0789473684210527,1
308.6574913456966,3086.574913456966,10,11.06578947368421,2.8684210526315788,1
259.7749263342277,4416.173747681871,17,10.6375,2.675,1
271.7828749936228,2717.8287499362277,10,11.657534246575343,3.0273972602739727,0
298.69991942277323,3285.6991136505058,11,11.45679012345679,2.888888888888889,1
207.42538399108238,1866.8284559197414,9,11.164383561643836,3.0547945205479454,0
195.8535781775055,1370.9750472425385,7,11.467532467532468,2.987012987012987,0
348.3563394950917,3135.207055455825,9,12.573333333333334,3.2266666666666666,1
207.24349071492364,2486.9218885790838,12,10.373333333333333,2.8533333333333335,0
263.6582833770637,1845.6079836394458,7,11.532467532467532,3.168831168831169,0
280.23631291287234,1681.417877477234,6,11.708333333333334,3.0277777777777777,0
226.57713924682392,2718.925670961887,12,10.426666666666666,2.8133333333333335,1
218.3197026029395,3056.4758364411528,14,11.939024390243903,2.841463414634146,1
